timestamp_utc,run_tag,solution,uptime_s,player_count,avg_rtt_ms,max_rtt_ms,min_rtt_ms,avg_jitter_ms,max_jitter_ms,avg_packet_loss_pct,bytes_sent_delta,bytes_recv_delta,ram_bytes,gc_heap_bytes,gc_gen0_delta,gc_gen1_delta,gc_gen2_delta,cpu_pct
2026-06-06T18:07:53.0083890Z,20260606T180747Z,custom,5.05,0,0,0,0,0,0,0,0,0,196132864,21089512,0,0,0,0.7
2026-06-06T18:07:58.0182960Z,20260606T180747Z,custom,10.06,0,0,0,0,0,0,0,0,0,207634432,24005104,0,0,0,1.8
2026-06-06T18:08:03.0216410Z,20260606T180747Z,custom,15.06,0,0,0,0,0,0,0,0,0,207994880,24021552,0,0,0,0.1
2026-06-06T18:08:08.0242780Z,20260606T180747Z,custom,20.06,0,0,0,0,0,0,0,0,0,208568320,24054448,0,0,0,0.2
2026-06-06T18:08:13.0271930Z,20260606T180810Z,custom,25.07,0,0,0,0,0,0,0,0,0,208797696,24103720,0,0,0,0.2
2026-06-06T18:08:18.0298830Z,20260606T180810Z,custom,30.07,0,0,0,0,0,0,0,0,0,211304448,24605816,0,0,0,1.3
2026-06-06T18:08:23.0316070Z,20260606T180810Z,custom,35.07,0,0,0,0,0,0,0,0,0,211697664,24630488,0,0,0,0.3
2026-06-06T18:08:28.0331360Z,20260606T180810Z,custom,40.07,0,0,0,0,0,0,0,0,0,244645888,57945832,0,0,0,0.5
2026-06-06T18:08:33.0356660Z,20260606T180810Z,custom,45.07,0,0,0,0,0,0,0,0,0,967426048,763135216,2,1,1,9.6
2026-06-06T18:08:38.0373080Z,20260606T180810Z,custom,50.08,0,0,0,0,0,0,0,0,0,1030078464,825206968,0,0,0,2.7
2026-06-06T18:08:43.0386510Z,20260606T180810Z,custom,55.08,0,0,0,0,0,0,0,0,0,1757822976,766763184,1,1,1,7.4
2026-06-06T18:08:48.0418380Z,20260606T180810Z,custom,60.08,0,0,0,0,0,0,0,0,0,1711407104,1155398688,1,1,0,6
2026-06-06T18:08:53.0440080Z,20260606T180810Z,custom,65.08,0,0,0,0,0,0,0,0,0,1715503104,1216158160,0,0,0,2.7
2026-06-06T18:08:58.0467140Z,20260606T180810Z,custom,70.09,0,0,0,0,0,0,0,0,0,1727954944,1276665504,0,0,0,2.5
2026-06-06T18:09:03.0475070Z,20260606T180810Z,custom,75.09,0,0,0,0,0,0,0,0,0,1733591040,1338539720,0,0,0,2.5
2026-06-06T18:09:08.0496420Z,20260606T180810Z,custom,80.09,0,0,0,0,0,0,0,0,0,1735737344,1399723064,0,0,0,2.5
2026-06-06T18:09:13.0519100Z,20260606T180810Z,custom,85.09,0,0,0,0,0,0,0,0,0,1738473472,1462201120,0,0,0,2.6
2026-06-06T18:09:18.0546750Z,20260606T180810Z,custom,90.09,0,0,0,0,0,0,0,0,0,1741717504,1518154528,0,0,0,0.9
2026-06-06T18:09:23.0574350Z,20260606T180810Z,custom,95.1,0,0,0,0,0,0,0,0,0,1741750272,1518195648,0,0,0,0.2
2026-06-06T18:09:28.0599700Z,20260606T180810Z,custom,100.1,0,0,0,0,0,0,0,0,0,1741848576,1518212096,0,0,0,0.3
2026-06-06T18:09:33.0621780Z,20260606T180810Z,custom,105.1,0,0,0,0,0,0,0,0,0,1742012416,1518244992,0,0,0,0.2
2026-06-06T18:09:38.0645070Z,20260606T180810Z,custom,110.1,0,0,0,0,0,0,0,0,0,1742061568,1518285968,0,0,0,0.2
2026-06-06T18:09:43.0663060Z,20260606T180810Z,custom,115.11,0,0,0,0,0,0,0,0,0,1742061568,1518318864,0,0,0,0
2026-06-06T18:09:48.0684030Z,20260606T180810Z,custom,120.11,0,0,0,0,0,0,0,0,0,1742127104,1518334744,0,0,0,0.1
2026-06-06T18:09:53.0709300Z,20260606T180810Z,custom,125.11,0,0,0,0,0,0,0,0,0,1742012416,1518351192,0,0,0,0
2026-06-06T18:09:58.0739820Z,20260606T180810Z,custom,130.11,0,0,0,0,0,0,0,0,0,1742028800,1518384088,0,0,0,0
2026-06-06T18:10:03.0759970Z,20260606T180810Z,custom,135.12,0,0,0,0,0,0,0,0,0,1742012416,1518408760,0,0,0,0.1
2026-06-06T18:10:08.0780880Z,20260606T180810Z,custom,140.12,0,0,0,0,0,0,0,0,0,1742094336,1518441656,0,0,0,0.1
2026-06-06T18:10:13.0800610Z,20260606T180810Z,custom,145.12,0,0,0,0,0,0,0,0,0,1742127104,1518474552,0,0,0,0
2026-06-06T18:10:18.0820380Z,20260606T180810Z,custom,150.12,0,0,0,0,0,0,0,0,0,1742143488,1518491000,0,0,0,0.1
2026-06-06T18:10:23.0838510Z,20260606T180810Z,custom,155.12,0,0,0,0,0,0,0,0,0,1742274560,1518523800,0,0,0,0.2
2026-06-06T18:10:28.0862930Z,20260606T180810Z,custom,160.13,0,0,0,0,0,0,0,0,0,1742274560,1518564752,0,0,0,0.1
2026-06-06T18:10:33.0889940Z,20260606T181029Z,custom,165.13,0,0,0,0,0,0,0,0,0,1742356480,1518679904,0,0,0,0.1
2026-06-06T18:10:38.0904920Z,20260606T181029Z,custom,170.13,0,0,0,0,0,0,0,0,0,1742618624,1519369632,0,0,0,0.3
2026-06-06T18:10:43.0929840Z,20260606T181029Z,custom,175.13,0,0,0,0,0,0,0,0,0,1742585856,1519386080,0,0,0,0
2026-06-06T18:10:48.0948290Z,20260606T181029Z,custom,180.13,0,0,0,0,0,0,0,0,0,1741504512,1519418976,0,0,0,0
2026-06-06T18:10:53.0974670Z,20260606T181029Z,custom,185.14,0,0,0,0,0,0,0,0,0,1733214208,1519435424,0,0,0,0
2026-06-06T18:10:58.0992570Z,20260606T181029Z,custom,190.14,0,0,0,0,0,0,0,0,0,1733246976,1519468288,0,0,0,0
2026-06-06T18:36:50.0339020Z,20260606T183644Z,custom,5.05,0,0,0,0,0,0,0,0,0,194412544,21236296,0,0,0,0.7
2026-06-06T18:36:55.0445280Z,20260606T183644Z,custom,10.06,0,0,0,0,0,0,0,0,0,194592768,21244520,0,0,0,0.1
2026-06-06T18:37:00.0468320Z,20260606T183644Z,custom,15.06,0,0,0,0,0,0,0,0,0,194609152,21252744,0,0,0,0.1
2026-06-06T18:37:05.0491510Z,20260606T183644Z,custom,20.06,0,0,0,0,0,0,0,0,0,194543616,21260968,0,0,0,0
2026-06-06T18:37:10.0509450Z,20260606T183644Z,custom,25.06,0,0,0,0,0,0,0,0,0,194510848,21269192,0,0,0,0
2026-06-06T18:37:15.0529020Z,20260606T183644Z,custom,30.06,0,0,0,0,0,0,0,0,0,194494464,21293784,0,0,0,0.1
2026-06-06T18:37:20.0544920Z,20260606T183644Z,custom,35.07,0,0,0,0,0,0,0,0,0,194641920,21302008,0,0,0,0.1
2026-06-06T18:37:25.0564290Z,20260606T183644Z,custom,40.07,0,0,0,0,0,0,0,0,0,194674688,21318456,0,0,0,0
2026-06-06T18:37:30.0587570Z,20260606T183644Z,custom,45.07,0,0,0,0,0,0,0,0,0,194904064,21334704,0,0,0,0
2026-06-06T18:37:35.0611110Z,20260606T183644Z,custom,50.07,0,0,0,0,0,0,0,0,0,194904064,21334704,0,0,0,0.1
2026-06-06T18:37:40.0643920Z,20260606T183644Z,custom,55.08,0,0,0,0,0,0,0,0,0,195166208,21359280,0,0,0,0.1
2026-06-06T18:37:45.0658450Z,20260606T183644Z,custom,60.08,0,0,0,0,0,0,0,0,0,195264512,21367504,0,0,0,0.1
2026-06-06T18:37:50.0675440Z,20260606T183644Z,custom,65.08,0,0,0,0,0,0,0,0,0,195248128,21375264,0,0,0,0.1
2026-06-06T18:37:55.0701730Z,20260606T183644Z,custom,70.08,0,0,0,0,0,0,0,0,0,195280896,21383488,0,0,0,0
2026-06-06T18:38:00.0724510Z,20260606T183644Z,custom,75.08,0,0,0,0,0,0,0,0,0,195756032,21391712,0,0,0,0
2026-06-06T18:38:05.0750500Z,20260606T183644Z,custom,80.09,0,0,0,0,0,0,0,0,0,195837952,21408160,0,0,0,0.1
2026-06-06T18:38:10.0784280Z,20260606T183644Z,custom,85.09,0,0,0,0,0,0,0,0,0,195887104,21416384,0,0,0,0.1
2026-06-06T18:38:15.0818700Z,20260606T183644Z,custom,90.09,0,0,0,0,0,0,0,0,0,195969024,21424608,0,0,0,0.1
2026-06-06T18:38:20.0830510Z,20260606T183644Z,custom,95.09,0,0,0,0,0,0,0,0,0,207519744,24643104,0,0,0,1.6
2026-06-06T18:38:25.0845920Z,20260606T183644Z,custom,100.1,0,0,0,0,0,0,0,0,0,208158720,24688312,0,0,0,0.2
2026-06-06T18:38:30.0868990Z,20260606T183826Z,custom,105.1,0,0,0,0,0,0,0,0,0,211255296,25208424,0,0,0,1.1
2026-06-06T18:38:35.0896530Z,20260606T183826Z,custom,110.1,0,0,0,0,0,0,0,0,0,211402752,25233056,0,0,0,0.1
2026-06-06T18:38:40.0921950Z,20260606T183826Z,custom,115.1,0,0,0,0,0,0,0,1880,12178,224018432,31518928,0,0,0,3.1
2026-06-06T18:38:45.0967500Z,20260606T183826Z,custom,120.11,1,11,11,11,0.7,0.7,0,19,24418,224935936,32172776,0,0,0,0.6
2026-06-06T18:38:50.1050080Z,20260606T183826Z,custom,125.12,1,11,11,11,0.7,0.7,0,4115,49132,230129664,35451088,0,0,0,2
2026-06-06T18:38:55.1071510Z,20260606T183826Z,custom,130.12,1,11,11,11,0.7,0.7,0,388,73434,233684992,38878824,0,0,0,0.7
2026-06-06T18:39:00.1098420Z,20260606T183826Z,custom,135.12,1,11,11,11,0.7,0.7,0,2652,91643,239403008,44409600,0,0,0,1
2026-06-06T18:39:05.1120900Z,20260606T183826Z,custom,140.12,1,11,11,11,0.7,0.7,0,3364,120500,248610816,52937848,0,0,0,1.3
2026-06-06T18:39:10.1140040Z,20260606T183826Z,custom,145.13,1,11,11,11,0.7,0.7,0,6489,144613,261947392,65073656,0,0,0,1.7
2026-06-06T18:39:15.1152000Z,20260606T183826Z,custom,150.13,7,7.3,8,7,0.5,0.9,0,1117,171576,278528000,80284000,0,0,0,1.9
2026-06-06T18:39:20.1161160Z,20260606T183826Z,custom,155.13,7,7.3,8,7,0.5,0.9,0,7796,203262,283312128,36026920,1,0,0,1.9
2026-06-06T18:39:25.1185500Z,20260606T183826Z,custom,160.13,7,7.3,8,7,0.5,0.9,0,1694,220760,284016640,59843768,0,0,0,1.8
2026-06-06T18:39:30.1216820Z,20260606T183826Z,custom,165.13,7,7.3,8,7,0.5,0.9,0,1370,220817,294551552,83671088,0,0,0,1.7
2026-06-06T18:39:35.1236010Z,20260606T183826Z,custom,170.14,7,7.3,8,7,0.5,0.9,0,1688,220679,315654144,107461896,0,0,0,1.6
2026-06-06T18:39:40.1265410Z,20260606T183826Z,custom,175.14,7,7.3,8,7,0.5,0.9,0,5276,244372,343293952,136725680,0,0,0,1.7
2026-06-06T18:39:45.1277490Z,20260606T183826Z,custom,180.14,12,4.8,6,3,0.5,1,0,9426,273675,378273792,173477784,0,0,0,2.2
2026-06-06T18:39:50.1324570Z,20260606T183826Z,custom,185.14,12,4.8,6,3,0.5,1,0,2080,294436,416071680,214350912,0,0,0,2.2
2026-06-06T18:39:55.1345270Z,20260606T183826Z,custom,190.15,12,4.8,6,3,0.5,1,0,2144,294280,456114176,255193560,0,0,0,2.2
2026-06-06T18:40:00.1358600Z,20260606T183826Z,custom,195.15,12,4.8,6,3,0.5,1,0,2206,294324,499023872,296552600,0,0,0,2.7
2026-06-06T18:40:05.1379680Z,20260606T183826Z,custom,200.15,12,4.8,6,3,0.5,1,0,1883,294052,514834432,41600640,1,1,0,2.5
2026-06-06T18:40:10.1402230Z,20260606T183826Z,custom,205.15,12,4.8,6,3,0.5,1,0,2216,294333,515063808,82550104,0,0,0,2.1
2026-06-06T18:40:15.1435550Z,20260606T183826Z,custom,210.16,13,4.2,5,4,0.5,1,0,6705,317011,470810624,130034480,0,0,0,2.5
2026-06-06T18:40:20.1450710Z,20260606T183826Z,custom,215.16,13,4.2,5,4,0.5,1,0,11100,344902,470597632,186194040,0,0,0,3.1
2026-06-06T18:40:25.1477750Z,20260606T183826Z,custom,220.16,13,4.2,5,4,0.5,1,0,7049,379224,439877632,63540840,1,0,0,3.2
2026-06-06T18:40:30.1523510Z,20260606T183826Z,custom,225.16,13,4.2,5,4,0.5,1,0,4495,390520,438255616,51327624,1,0,0,3.3
2026-06-06T18:40:35.1554900Z,20260606T183826Z,custom,230.17,13,4.2,5,4,0.5,1,0,6334,417642,438304768,48603184,1,0,0,4
2026-06-06T18:40:40.1570210Z,20260606T183826Z,custom,235.17,13,4.2,5,4,0.5,1,0,8101,427708,438353920,50428496,1,0,0,3.9
2026-06-06T18:40:45.1608170Z,20260606T183826Z,custom,240.17,19,4.3,7,2,0.4,1,0,9115,458396,438714368,63260600,1,0,0,4.4
2026-06-06T18:40:50.1631280Z,20260606T183826Z,custom,245.17,19,4.3,7,2,0.4,1,0,3193,466321,439123968,80157096,1,0,0,4.8
2026-06-06T18:40:55.1655990Z,20260606T183826Z,custom,250.18,19,4.3,7,2,0.4,1,0,3509,466204,439123968,96209472,1,0,0,4.7
2026-06-06T18:41:00.1676090Z,20260606T183826Z,custom,255.18,19,4.3,7,2,0.4,1,0,3777,466190,439123968,29111376,2,0,0,4.7
2026-06-06T18:41:05.1704460Z,20260606T183826Z,custom,260.18,19,4.3,7,2,0.4,1,0,3393,465981,429654016,44178912,1,0,0,4.7
2026-06-06T18:41:10.1725080Z,20260606T183826Z,custom,265.18,19,4.3,7,2,0.4,1,0,3643,466098,395427840,60631904,1,0,0,4.8
2026-06-06T18:41:15.1732040Z,20260606T183826Z,custom,270.18,19,16.1,17,5,1.1,1.7,0,3811,466511,367230976,76253776,1,0,0,4.7
2026-06-06T18:41:20.1757760Z,20260606T183826Z,custom,275.19,19,16.1,17,5,1.1,1.7,0,3066,465964,348323840,92335272,1,0,0,4.7
2026-06-06T18:41:25.1780590Z,20260606T183826Z,custom,280.19,19,16.1,17,5,1.1,1.7,0,3642,466580,326451200,25350144,2,0,0,4.8
2026-06-06T18:41:30.1796510Z,20260606T183826Z,custom,285.19,19,16.1,17,5,1.1,1.7,0,3641,466320,320684032,41332080,1,0,0,4.7
2026-06-06T18:41:35.1812980Z,20260606T183826Z,custom,290.19,19,16.1,17,5,1.1,1.7,0,3256,466631,316801024,56676728,1,0,0,4.7
2026-06-06T18:41:40.1839040Z,20260606T183826Z,custom,295.2,19,16.1,17,5,1.1,1.7,0,3515,465737,314228736,72005952,1,0,0,4.7
2026-06-06T18:41:45.1851980Z,20260606T183826Z,custom,300.2,19,14.6,16,3,1.2,1.7,0,4139,466527,312475648,88341976,1,0,0,4.6
2026-06-06T18:41:50.1878300Z,20260606T183826Z,custom,305.2,19,14.6,16,3,1.2,1.7,0,2865,465595,310788096,22206904,2,0,0,4.7
2026-06-06T18:41:55.1903470Z,20260606T183826Z,custom,310.2,19,14.6,16,3,1.2,1.7,0,3712,466130,310362112,37658712,1,0,0,4.8
2026-06-06T18:42:00.1936110Z,20260606T183826Z,custom,315.21,19,14.6,16,3,1.2,1.7,0,3645,466339,310050816,53844448,1,0,0,4.7
2026-06-06T18:42:05.1959870Z,20260606T183826Z,custom,320.21,19,14.6,16,3,1.2,1.7,0,3196,466780,309903360,70274768,1,0,0,4.7
2026-06-06T18:42:10.1986310Z,20260606T183826Z,custom,325.21,19,14.6,16,3,1.2,1.7,0,3448,466428,309772288,86425464,1,0,0,4.7
2026-06-06T18:42:15.2014980Z,20260606T183826Z,custom,330.21,19,11.6,13,5,1.3,1.9,0,4074,466736,309624832,18838352,2,0,0,4.8
2026-06-06T18:42:20.2036980Z,20260606T183826Z,custom,335.22,19,11.6,13,5,1.3,1.9,0,3128,465802,309657600,35440008,1,0,0,4.8
2026-06-06T18:42:25.2058370Z,20260606T183826Z,custom,340.22,19,11.6,13,5,1.3,1.9,0,3445,465918,309624832,51550824,1,0,0,4.8
2026-06-06T18:42:30.2075700Z,20260606T183826Z,custom,345.22,19,11.6,13,5,1.3,1.9,0,3518,465996,309624832,67958720,1,0,0,4.7
2026-06-06T18:42:35.2116950Z,20260606T183826Z,custom,350.22,19,11.6,13,5,1.3,1.9,0,3068,466732,309428224,84347224,1,0,0,4.6
2026-06-06T18:42:40.2143110Z,20260606T183826Z,custom,355.23,19,11.6,13,5,1.3,1.9,0,3384,465384,309313536,17618752,2,0,0,4.8
2026-06-06T18:42:45.2161690Z,20260606T183826Z,custom,360.23,19,8.7,10,2,1.4,2,0,3812,467023,309329920,33080688,1,0,0,4.7
2026-06-06T18:42:50.2177570Z,20260606T183826Z,custom,365.23,19,8.7,10,2,1.4,2,0,3457,465988,309280768,49119448,1,0,0,4.6
2026-06-06T18:42:55.2196880Z,20260606T183826Z,custom,370.23,19,8.7,10,2,1.4,2,0,3452,465942,309329920,65243880,1,0,0,4.7
2026-06-06T18:43:00.2214980Z,20260606T183826Z,custom,375.23,19,8.7,10,2,1.4,2,0,3653,466163,309313536,81104144,1,0,0,4.7
2026-06-06T18:43:05.2232680Z,20260606T183826Z,custom,380.23,19,8.7,10,2,1.4,2,0,3322,465898,309280768,97307952,1,0,0,4.7
2026-06-06T18:43:10.2254730Z,20260606T183826Z,custom,385.24,19,8.7,10,2,1.4,2,0,3388,466384,309297152,30131560,2,0,0,4.7
2026-06-06T18:43:15.2288600Z,20260606T183826Z,custom,390.24,19,8.1,9,4,1.4,1.9,0,3946,467183,309526528,46697136,1,0,0,4.7
2026-06-06T18:43:20.2308060Z,20260606T183826Z,custom,395.24,19,8.1,9,4,1.4,1.9,0,2998,465886,309493760,62565672,1,0,0,4.7
2026-06-06T18:43:25.2316410Z,20260606T183826Z,custom,400.24,19,8.1,9,4,1.4,1.9,0,3451,465928,309493760,78598832,1,0,0,4.7
2026-06-06T18:43:30.2335190Z,20260606T183826Z,custom,405.24,19,8.1,9,4,1.4,1.9,0,3653,466214,309542912,94757520,1,0,0,4.7
2026-06-06T18:43:35.2353760Z,20260606T183826Z,custom,410.25,19,8.1,9,4,1.4,1.9,0,3255,465787,309510144,27798944,2,0,0,4.8
2026-06-06T18:43:40.2372990Z,20260606T183826Z,custom,415.25,19,8.1,9,4,1.4,1.9,0,3189,465731,309542912,43264704,1,0,0,4.6
2026-06-06T18:43:45.2390730Z,20260606T183826Z,custom,420.25,19,6,6,6,1.4,1.9,0,3884,466449,309526528,58540808,1,0,0,4.6
2026-06-06T18:43:50.2417390Z,20260606T183826Z,custom,425.25,19,6,6,6,1.4,1.9,0,3256,466032,309559296,74648088,1,0,0,4.6
2026-06-06T18:43:55.2440400Z,20260606T183826Z,custom,430.26,19,6,6,6,1.4,1.9,0,3446,466667,309526528,90027248,1,0,0,4.7
2026-06-06T18:44:00.2458040Z,20260606T183826Z,custom,435.26,19,6,6,6,1.4,1.9,0,3589,466646,309526528,23848528,2,0,0,4.6
2026-06-06T18:44:05.2486350Z,20260606T183826Z,custom,440.26,19,6,6,6,1.4,1.9,0,3455,466440,309575680,39711776,1,0,0,4.6
2026-06-06T18:44:10.2503150Z,20260606T183826Z,custom,445.26,19,6,6,6,1.4,1.9,0,3450,465930,309542912,55401040,1,0,0,4.6
2026-06-06T18:44:15.2523230Z,20260606T183826Z,custom,450.26,19,6.4,7,1,1.4,2.1,0,3631,466256,309542912,71595056,1,0,0,4.6
2026-06-06T18:44:20.2545120Z,20260606T183826Z,custom,455.27,19,6.4,7,1,1.4,2.1,0,3445,465936,309542912,88159880,1,0,0,4.6
2026-06-06T18:44:25.2593930Z,20260606T183826Z,custom,460.27,19,6.4,7,1,1.4,2.1,0,3322,466068,309542912,21570080,2,0,0,4.6
2026-06-06T18:44:30.2617290Z,20260606T183826Z,custom,465.27,19,6.4,7,1,1.4,2.1,0,3584,466844,309542912,37836872,1,0,0,4.6
2026-06-06T18:44:35.2634360Z,20260606T183826Z,custom,470.27,19,6.4,7,1,1.4,2.1,0,3382,466185,309559296,53221544,1,0,0,4.6
2026-06-06T18:44:40.2648950Z,20260606T183826Z,custom,475.28,19,6.4,7,1,1.4,2.1,0,3516,465752,309542912,68590688,1,0,0,4.7
2026-06-06T18:44:45.2670160Z,20260606T183826Z,custom,480.28,19,14.1,15,2,1.9,2.8,0,3817,466350,309526528,84527376,1,0,0,4.6
2026-06-06T18:44:50.2689320Z,20260606T183826Z,custom,485.28,19,14.1,15,2,1.9,2.8,0,3452,466241,309559296,100742408,1,0,0,4.6
2026-06-06T18:44:55.2706700Z,20260606T183826Z,custom,490.28,19,14.1,15,2,1.9,2.8,0,3384,465878,309559296,34123360,2,0,0,4.6
2026-06-06T18:45:00.2724360Z,20260606T183826Z,custom,495.28,19,14.1,15,2,1.9,2.8,0,3585,466091,309608448,50294824,1,0,0,4.7
2026-06-06T18:45:05.2763510Z,20260606T183826Z,custom,500.29,19,14.1,15,2,1.9,2.8,0,3388,466176,309592064,65700680,1,0,0,4.6
2026-06-06T18:45:10.2781340Z,20260606T183826Z,custom,505.29,19,14.1,15,2,1.9,2.8,0,3456,466662,309592064,81824736,1,0,0,4.7
2026-06-06T18:45:15.2801850Z,20260606T183826Z,custom,510.29,19,10.8,13,4,2,3,0,4011,466726,309592064,98085288,1,0,0,4.7
2026-06-06T18:45:20.2813440Z,20260606T183826Z,custom,515.29,19,10.8,13,4,2,3,0,3189,465772,309592064,31954520,2,0,0,4.7
2026-06-06T18:45:25.2830180Z,20260606T183826Z,custom,520.29,19,10.8,13,4,2,3,0,3448,465923,309592064,47472736,1,0,0,4.7
2026-06-06T18:45:30.2849240Z,20260606T183826Z,custom,525.3,19,10.8,13,4,2,3,0,3261,465832,309542912,62634120,1,0,0,4.6
2026-06-06T18:45:35.2864870Z,20260606T183826Z,custom,530.3,19,10.8,13,4,2,3,0,3652,466130,309575680,78005728,1,0,0,4.6
2026-06-06T18:45:40.2882550Z,20260606T183826Z,custom,535.3,19,10.8,13,4,2,3,0,3516,465983,309641216,94323312,1,0,0,4.5
2026-06-06T18:45:45.2892380Z,20260606T183826Z,custom,540.3,19,10.6,13,7,1.9,2.8,0,3483,466081,309608448,27941456,2,0,0,4.7
2026-06-06T18:45:50.2920480Z,20260606T183826Z,custom,545.3,19,10.6,13,7,1.9,2.8,0,3720,466456,309608448,43318640,1,0,0,4.6
2026-06-06T18:45:55.2937780Z,20260606T183826Z,custom,550.31,19,10.6,13,7,1.9,2.8,0,3515,466449,309559296,59358848,1,0,0,4.6
2026-06-06T18:46:00.2955390Z,20260606T183826Z,custom,555.31,19,10.6,13,7,1.9,2.8,0,3191,466261,309575680,75358472,1,0,0,4.5
2026-06-06T18:46:05.2966280Z,20260606T183826Z,custom,560.31,19,10.6,13,7,1.9,2.8,0,3455,465999,309575680,90816000,1,0,0,4.6
2026-06-06T18:46:10.2983650Z,20260606T183826Z,custom,565.31,19,10.6,13,7,1.9,2.8,0,3583,466026,309592064,24218128,2,0,0,4.7
2026-06-06T18:46:15.3005690Z,20260606T183826Z,custom,570.31,19,10.8,12,6,1.8,2.7,0,3688,466246,309608448,40164520,1,0,0,4.6
2026-06-06T18:46:20.3023300Z,20260606T183826Z,custom,575.31,19,10.8,12,6,1.8,2.7,0,3591,466114,309592064,56680816,1,0,0,4.7
2026-06-06T18:46:25.3039470Z,20260606T183826Z,custom,580.32,19,10.8,12,6,1.8,2.7,0,3708,465903,309690368,72511632,1,0,0,4.5
2026-06-06T18:46:30.3057830Z,20260606T183826Z,custom,585.32,19,10.8,12,6,1.8,2.7,0,3187,465776,309657600,88464480,1,0,0,4.6
2026-06-06T18:46:35.3096430Z,20260606T183826Z,custom,590.32,19,10.8,12,6,1.8,2.7,0,3452,466486,309657600,21404776,2,0,0,4.7
2026-06-06T18:46:40.3112940Z,20260606T183826Z,custom,595.32,19,10.8,12,6,1.8,2.7,0,3582,466280,309657600,37526496,1,0,0,4.5
2026-06-06T18:46:45.3132050Z,20260606T183826Z,custom,600.32,19,8.2,9,6,1.9,2.7,0,3421,466930,309706752,53968400,1,0,0,4.5
2026-06-06T18:46:50.3153370Z,20260606T183826Z,custom,605.33,19,8.2,9,6,1.9,2.7,0,3195,466100,309673984,69601200,1,0,0,4.5
2026-06-06T18:46:55.3172320Z,20260606T183826Z,custom,610.33,19,8.2,9,6,1.9,2.7,0,3907,466495,309673984,85259072,1,0,0,4.6
2026-06-06T18:47:00.3198020Z,20260606T183826Z,custom,615.33,19,8.2,9,6,1.9,2.7,0,3319,465863,309673984,101605224,1,0,0,4.6
2026-06-06T18:47:05.3213450Z,20260606T183826Z,custom,620.33,19,8.2,9,6,1.9,2.7,0,3064,465723,309673984,35520184,2,0,0,4.7
2026-06-06T18:47:10.3248490Z,20260606T183826Z,custom,625.34,19,8.2,9,6,1.9,2.7,0,3904,466473,309690368,51116440,1,0,0,4.6
2026-06-06T18:47:15.3274360Z,20260606T183826Z,custom,630.34,18,7,7,7,1.9,2.6,0,3944,466921,309690368,66933408,1,0,0,4.5
2026-06-06T18:47:20.3301080Z,20260606T183826Z,custom,635.34,18,7,7,7,1.9,2.6,0,2934,465649,309641216,82652696,1,0,0,4.6
2026-06-06T18:47:25.3326840Z,20260606T183826Z,custom,640.34,18,7,7,7,1.9,2.6,0,3643,466045,309641216,98151400,1,0,0,4.6
2026-06-06T18:47:30.3346810Z,20260606T183826Z,custom,645.35,18,7,7,7,1.9,2.6,0,3716,466206,309657600,31524664,2,0,0,4.5
2026-06-06T18:47:35.3365140Z,20260606T183826Z,custom,650.35,18,7,7,7,1.9,2.6,0,3130,465787,309673984,46700104,1,0,0,4.7
2026-06-06T18:47:40.3383600Z,20260606T183826Z,custom,655.35,18,7,7,7,1.9,2.6,0,3775,466361,309657600,62850192,1,0,0,4.6
2026-06-06T18:47:45.3421510Z,20260606T183826Z,custom,660.35,19,5.8,6,3,1.9,2.7,0,4016,467241,309706752,79389360,1,0,0,4.7
2026-06-06T18:47:50.3445810Z,20260606T183826Z,custom,665.36,19,5.8,6,3,1.9,2.7,0,3063,465733,309706752,95746776,1,0,0,4.6
2026-06-06T18:47:55.3465100Z,20260606T183826Z,custom,670.36,19,5.8,6,3,1.9,2.7,0,3778,466607,309723136,29292424,2,0,0,4.9
2026-06-06T18:48:00.3482200Z,20260606T183826Z,custom,675.36,19,5.8,6,3,1.9,2.7,0,3322,465887,309723136,45336792,1,0,0,4.7
2026-06-06T18:48:05.3499340Z,20260606T183826Z,custom,680.36,19,5.8,6,3,1.9,2.7,0,3263,465912,309673984,61310744,1,0,0,4.7
2026-06-06T18:48:10.3510420Z,20260606T183826Z,custom,685.36,19,5.8,6,3,1.9,2.7,0,3518,466004,309673984,77015872,1,0,0,4.7
2026-06-06T18:48:15.3521750Z,20260606T183826Z,custom,690.36,19,10.3,21,3,2.2,3.6,0,3812,466283,309673984,93228192,1,0,0,4.6
2026-06-06T18:48:20.3541190Z,20260606T183826Z,custom,695.37,19,10.3,21,3,2.2,3.6,0,3392,465995,309690368,26296840,2,0,0,4.7
2026-06-06T18:48:25.3578190Z,20260606T183826Z,custom,700.37,19,10.3,21,3,2.2,3.6,0,3651,466341,309690368,41598184,1,0,0,4.7
2026-06-06T18:48:30.3595150Z,20260606T183826Z,custom,705.37,19,10.3,21,3,2.2,3.6,0,3710,466877,309690368,57989120,1,0,0,4.5
2026-06-06T18:48:35.3612000Z,20260606T183826Z,custom,710.37,19,10.3,21,3,2.2,3.6,0,3326,466203,309690368,73392824,1,0,0,4.7
2026-06-06T18:48:40.3631680Z,20260606T183826Z,custom,715.37,19,10.3,21,3,2.2,3.6,0,3584,466509,309690368,89004888,1,0,0,4.7
2026-06-06T18:48:45.3651900Z,20260606T183826Z,custom,720.38,19,14,15,1,2.6,3.8,0,4072,466492,309805056,22716784,2,0,0,4.9
2026-06-06T18:48:50.3669310Z,20260606T183826Z,custom,725.38,19,14,15,1,2.6,3.8,0,3258,465908,309772288,38266648,1,0,0,4.7
2026-06-06T18:48:55.3688320Z,20260606T183826Z,custom,730.38,19,14,15,1,2.6,3.8,0,3450,465928,309772288,54201656,1,0,0,4.7
2026-06-06T18:49:00.3700940Z,20260606T183826Z,custom,735.38,19,14,15,1,2.6,3.8,0,3523,466040,309788672,70326008,1,0,0,4.8
2026-06-06T18:49:05.3718970Z,20260606T183826Z,custom,740.38,19,14,15,1,2.6,3.8,0,3455,466245,309788672,86749832,1,0,0,4.7
2026-06-06T18:49:10.3760410Z,20260606T183826Z,custom,745.39,19,14,15,1,2.6,3.8,0,3315,467039,310116352,103617152,1,0,0,4.9
2026-06-06T18:49:15.3771780Z,20260606T183826Z,custom,750.39,19,12.2,13,11,2.7,3.7,0,4010,466479,310001664,37228336,2,0,0,4.7
2026-06-06T18:49:20.3790710Z,20260606T183826Z,custom,755.39,19,12.2,13,11,2.7,3.7,0,3321,465881,310018048,53480136,1,0,0,4.8
2026-06-06T18:49:25.3803310Z,20260606T183826Z,custom,760.39,19,12.2,13,11,2.7,3.7,0,3450,465942,310050816,69915544,1,0,0,4.7
2026-06-06T18:49:30.3820510Z,20260606T183826Z,custom,765.39,19,12.2,13,11,2.7,3.7,0,3714,466208,310050816,85928616,1,0,0,4.7
2026-06-06T18:49:35.3837740Z,20260606T183826Z,custom,770.4,19,12.2,13,11,2.7,3.7,0,3323,465900,310050816,102386968,1,0,0,4.7
2026-06-06T18:49:40.3846810Z,20260606T183826Z,custom,775.4,19,12.2,13,11,2.7,3.7,0,3395,465957,310050816,36195776,2,0,0,4.9
2026-06-06T18:49:45.3869760Z,20260606T183826Z,custom,780.4,19,11.2,27,1,2.7,3.6,0,4136,466542,310116352,52753592,1,0,0,4.6
2026-06-06T18:49:50.3887490Z,20260606T183826Z,custom,785.4,19,11.2,27,1,2.7,3.6,0,3389,466199,310083584,68609392,1,0,0,4.7
2026-06-06T18:49:55.3912680Z,20260606T183826Z,custom,790.4,19,11.2,27,1,2.7,3.6,0,3456,466500,310099968,84716848,1,0,0,4.7
2026-06-06T18:50:00.3929200Z,20260606T183826Z,custom,795.4,19,11.2,27,1,2.7,3.6,0,3712,466885,310050816,100922712,1,0,0,4.7
2026-06-06T18:50:05.3954340Z,20260606T183826Z,custom,800.41,19,11.2,27,1,2.7,3.6,0,3455,466248,310050816,34182720,2,0,0,4.6
2026-06-06T18:50:10.3980740Z,20260606T183826Z,custom,805.41,19,11.2,27,1,2.7,3.6,0,3389,465952,310067200,50475080,1,0,0,4.8
2026-06-06T18:50:15.3999640Z,20260606T183826Z,custom,810.41,19,7.7,9,1,2.7,4.1,0,3747,466236,310132736,66784936,1,0,0,4.7
2026-06-06T18:50:20.4019060Z,20260606T183826Z,custom,815.41,19,7.7,9,1,2.7,4.1,0,3455,465998,310099968,82615976,1,0,0,4.7
2026-06-06T18:50:25.4037850Z,20260606T183826Z,custom,820.42,19,7.7,9,1,2.7,4.1,0,3388,465949,310099968,98743000,1,0,0,4.8
2026-06-06T18:50:30.4063670Z,20260606T183826Z,custom,825.42,19,7.7,9,1,2.7,4.1,0,3582,466287,310034432,32044536,2,0,0,4.7
2026-06-06T18:50:35.4080350Z,20260606T183826Z,custom,830.42,19,7.7,9,1,2.7,4.1,0,3589,466825,310067200,48554928,1,0,0,4.7
2026-06-06T18:50:40.4088230Z,20260606T183826Z,custom,835.42,19,7.7,9,1,2.7,4.1,0,3329,465903,310099968,64696432,1,0,0,4.6
2026-06-06T18:50:45.4104530Z,20260606T183826Z,custom,840.42,19,7.1,8,7,2.6,3.9,0,3941,466387,310099968,80133504,1,0,0,4.7
2026-06-06T18:50:50.4113910Z,20260606T183826Z,custom,845.42,19,7.1,8,7,2.6,3.9,0,3393,466203,310099968,96541336,1,0,0,4.7
2026-06-06T18:50:55.4126280Z,20260606T183826Z,custom,850.42,19,7.1,8,7,2.6,3.9,0,3192,465795,310050816,28610080,2,0,0,4.7
2026-06-06T18:51:00.4149980Z,20260606T183826Z,custom,855.43,19,7.1,8,7,2.6,3.9,0,3711,466130,310050816,44764280,1,0,0,4.7
2026-06-06T18:51:05.4167260Z,20260606T183826Z,custom,860.43,19,7.1,8,7,2.6,3.9,0,3651,466165,310050816,60803464,1,0,0,4.6
2026-06-06T18:51:10.4185820Z,20260606T183826Z,custom,865.43,19,7.1,8,7,2.6,3.9,0,3392,465941,310067200,77259832,1,0,0,4.6
2026-06-06T18:51:15.4207950Z,20260606T183826Z,custom,870.43,19,5,5,5,2.6,3.8,0,3946,466632,310099968,93864120,1,0,0,4.7
2026-06-06T18:51:20.4241450Z,20260606T183826Z,custom,875.44,19,5,5,5,2.6,3.8,0,3520,466787,310165504,27286048,2,0,0,4.8
2026-06-06T18:51:25.4252400Z,20260606T183826Z,custom,880.44,19,5,5,5,2.6,3.8,0,3514,466291,310149120,43377128,1,0,0,4.7
2026-06-06T18:51:30.4271100Z,20260606T183826Z,custom,885.44,19,5,5,5,2.6,3.8,0,3578,466290,310149120,59769944,1,0,0,4.7
2026-06-06T18:51:35.4287790Z,20260606T183826Z,custom,890.44,19,5,5,5,2.6,3.8,0,3390,465935,310165504,75991856,1,0,0,4.8
2026-06-06T18:51:40.4306190Z,20260606T183826Z,custom,895.44,19,5,5,5,2.6,3.8,0,3455,465987,310165504,92093312,1,0,0,4.7
2026-06-06T18:51:45.4325000Z,20260606T183826Z,custom,900.44,19,12.4,18,1,3,4.3,0,4010,466195,310198272,26348136,2,0,0,4.8
2026-06-06T18:51:50.4342700Z,20260606T183826Z,custom,905.45,19,12.4,18,1,3,4.3,0,3324,465901,310165504,42627416,1,0,0,4.6
2026-06-06T18:51:55.4397780Z,20260606T183826Z,custom,910.45,19,12.4,18,1,3,4.3,0,3386,466171,310165504,58686720,1,0,0,4.7
2026-06-06T18:52:00.4415250Z,20260606T183826Z,custom,915.45,19,12.4,18,1,3,4.3,0,3446,466882,310181888,74873456,1,0,0,4.7
2026-06-06T18:52:05.4428790Z,20260606T183826Z,custom,920.45,19,12.4,18,1,3,4.3,0,3521,466544,310181888,90848816,1,0,0,4.6
2026-06-06T18:52:10.4441430Z,20260606T183826Z,custom,925.46,19,12.4,18,1,3,4.3,0,3453,466250,310181888,24123344,2,0,0,4.8
2026-06-06T18:52:15.4468440Z,20260606T183826Z,custom,930.46,19,14.4,16,6,3.2,4.2,0,3943,466373,310214656,40153440,1,0,0,4.5
2026-06-06T18:52:20.4497720Z,20260606T183826Z,custom,935.46,19,14.4,16,6,3.2,4.2,0,3256,465847,310198272,56380336,1,0,0,4.6
2026-06-06T18:52:25.4529180Z,20260606T183826Z,custom,940.46,19,14.4,16,6,3.2,4.2,0,3393,465954,310198272,72162376,1,0,0,4.5
2026-06-06T18:52:30.4565720Z,20260606T183826Z,custom,945.47,19,14.4,16,6,3.2,4.2,0,3648,466329,310198272,88571488,1,0,0,4.7
2026-06-06T18:52:35.4581230Z,20260606T183826Z,custom,950.47,19,14.4,16,6,3.2,4.2,0,3451,466471,310198272,104873176,1,0,0,4.6
2026-06-06T18:52:40.4610000Z,20260606T183826Z,custom,955.47,19,14.4,16,6,3.2,4.2,0,3190,465792,310198272,38418048,2,0,0,4.8
2026-06-06T18:52:45.4640650Z,20260606T183826Z,custom,960.48,19,11.6,13,5,3.2,4.1,0,4135,466786,310247424,54428272,1,0,0,4.6
2026-06-06T18:52:50.4655730Z,20260606T183826Z,custom,965.48,19,11.6,13,5,3.2,4.1,0,3387,465936,310214656,70607232,1,0,0,4.7
2026-06-06T18:52:55.4666770Z,20260606T183826Z,custom,970.48,19,11.6,13,5,3.2,4.1,0,3326,465901,310214656,86425056,1,0,0,4.7
2026-06-06T18:53:00.4691220Z,20260606T183826Z,custom,975.48,19,11.6,13,5,3.2,4.1,0,3716,466135,310165504,102802952,1,0,0,4.6
2026-06-06T18:53:05.4721600Z,20260606T183826Z,custom,980.48,19,11.6,13,5,3.2,4.1,0,3451,466466,310165504,36454472,2,0,0,4.8
2026-06-06T18:53:10.4749080Z,20260606T183826Z,custom,985.49,19,11.6,13,5,3.2,4.1,0,3258,465845,310165504,52072296,1,0,0,4.5
2026-06-06T18:53:15.4777630Z,20260606T183826Z,custom,990.49,19,8.7,10,2,3.1,4,0,4006,466922,310231040,68293664,1,0,0,4.7
2026-06-06T18:53:20.4806970Z,20260606T183826Z,custom,995.49,19,8.7,10,2,3.1,4,0,3585,466839,310231040,84499496,1,0,0,4.6
2026-06-06T18:53:25.4835590Z,20260606T183826Z,custom,1000.5,19,8.7,10,2,3.1,4,0,3320,465895,310231040,100552800,1,0,0,4.6
2026-06-06T18:53:30.4848030Z,20260606T183826Z,custom,1005.5,19,8.7,10,2,3.1,4,0,3581,466050,310198272,33762864,2,0,0,4.7
2026-06-06T18:53:35.4898910Z,20260606T183826Z,custom,1010.5,19,8.7,10,2,3.1,4,0,3327,466148,310198272,49940936,1,0,0,4.6
2026-06-06T18:53:40.4926950Z,20260606T183826Z,custom,1015.5,19,8.7,10,2,3.1,4,0,3324,467107,310198272,66405904,1,0,0,4.6
2026-06-06T18:53:45.4949690Z,20260606T183826Z,custom,1020.51,19,5,6,3,3.2,4,0,3678,466157,310198272,82331824,1,0,0,4.6
2026-06-06T18:53:50.4978820Z,20260606T183826Z,custom,1025.51,19,5,6,3,3.2,4,0,3450,466246,310198272,98576480,1,0,0,4.6
2026-06-06T18:53:55.5007670Z,20260606T183826Z,custom,1030.51,19,5,6,3,3.2,4,0,3326,465414,310198272,31560552,2,0,0,4.5
2026-06-06T18:54:00.5046130Z,20260606T183826Z,custom,1035.52,19,5,6,3,3.2,4,0,3517,466239,310214656,47897888,1,0,0,4.6
2026-06-06T18:54:05.5072950Z,20260606T183826Z,custom,1040.52,19,5,6,3,3.2,4,0,3776,466482,310214656,64153736,1,0,0,4.5
2026-06-06T18:54:10.5092840Z,20260606T183826Z,custom,1045.52,19,5,6,3,3.2,4,0,3318,466627,310214656,80768200,1,0,0,4.5
2026-06-06T18:54:15.5126240Z,20260606T183826Z,custom,1050.52,19,14.9,17,5,3.6,4.5,0,3813,466290,310231040,96831192,1,0,0,4.6
2026-06-06T18:54:20.5155080Z,20260606T183826Z,custom,1055.53,19,14.9,17,5,3.6,4.5,0,3652,466404,310280192,30468856,2,0,0,4.7
2026-06-06T18:54:25.5183310Z,20260606T183826Z,custom,1060.53,19,14.9,17,5,3.6,4.5,0,3194,466023,310280192,46509016,1,0,0,4.6
2026-06-06T18:54:30.5222200Z,20260606T183826Z,custom,1065.53,19,14.9,17,5,3.6,4.5,0,3582,465968,310280192,62420928,1,0,0,4.7
2026-06-06T18:54:35.5248840Z,20260606T183826Z,custom,1070.54,19,14.9,17,5,3.6,4.5,0,3258,467372,310280192,78964600,1,0,0,4.6
2026-06-06T18:54:40.5277970Z,20260606T183826Z,custom,1075.54,19,14.9,17,5,3.6,4.5,0,3391,465954,310296576,94964184,1,0,0,4.6
2026-06-06T18:54:45.5302870Z,20260606T183826Z,custom,1080.54,19,11.6,14,1,3.6,4.3,0,4072,466416,310296576,28797728,2,0,0,4.7
2026-06-06T18:54:50.5315170Z,20260606T183826Z,custom,1085.54,19,11.6,14,1,3.6,4.3,0,3066,465752,310296576,45348864,1,0,0,4.6
2026-06-06T18:54:55.5339810Z,20260606T183826Z,custom,1090.55,19,11.6,14,1,3.6,4.3,0,3653,466167,310296576,61783408,1,0,0,4.7
2026-06-06T18:55:00.5387450Z,20260606T183826Z,custom,1095.55,19,11.6,14,1,3.6,4.3,0,3648,466269,310296576,77907744,1,0,0,4.6
2026-06-06T18:55:05.5417110Z,20260606T183826Z,custom,1100.55,19,11.6,14,1,3.6,4.3,0,3397,467218,310312960,93994448,1,0,0,4.6
2026-06-06T18:55:10.5444820Z,20260606T183826Z,custom,1105.56,19,11.6,14,1,3.6,4.3,0,3521,466049,310312960,27207776,2,0,0,4.6
2026-06-06T18:55:15.5472100Z,20260606T183826Z,custom,1110.56,19,9.7,11,2,3.5,4.2,0,3881,466321,310312960,43501240,1,0,0,4.6
2026-06-06T18:55:20.5499850Z,20260606T183826Z,custom,1115.56,19,9.7,11,2,3.5,4.2,0,3524,466067,310362112,58828568,1,0,0,4.6
2026-06-06T18:55:25.5526960Z,20260606T183826Z,custom,1120.56,19,9.7,11,2,3.5,4.2,0,3393,465942,310378496,75394112,1,0,0,4.6
2026-06-06T18:55:30.5573740Z,20260606T183826Z,custom,1125.57,19,9.7,11,2,3.5,4.2,0,3510,466653,310378496,90732592,1,0,0,4.5
2026-06-06T18:55:35.5595750Z,20260606T183826Z,custom,1130.57,19,9.7,11,2,3.5,4.2,0,3460,466555,310378496,106112384,1,0,0,4.5
2026-06-06T18:55:40.5620690Z,20260606T183826Z,custom,1135.57,19,9.7,11,2,3.5,4.2,0,3390,465955,310329344,39961816,2,0,0,4.6
2026-06-06T18:55:45.5653930Z,20260606T183826Z,custom,1140.58,19,5.5,7,4,3.6,4.3,0,3483,466266,310329344,55829816,1,0,0,4.6
2026-06-06T18:55:50.5676350Z,20260606T183826Z,custom,1145.58,19,5.5,7,4,3.6,4.3,0,3326,465900,310296576,71720496,1,0,0,4.6
2026-06-06T18:55:55.5744430Z,20260606T183826Z,custom,1150.59,19,5.5,7,4,3.6,4.3,0,3588,467803,310296576,87965280,1,0,0,4.5
2026-06-06T18:56:00.5774000Z,20260606T183826Z,custom,1155.59,19,5.5,7,4,3.6,4.3,0,3452,465916,310345728,104338864,1,0,0,4.6
2026-06-06T18:56:05.5802140Z,20260606T183826Z,custom,1160.59,19,5.5,7,4,3.6,4.3,0,3586,466100,310362112,37748080,2,0,0,4.7
2026-06-06T18:56:10.5831300Z,20260606T183826Z,custom,1165.59,19,5.5,7,4,3.6,4.3,0,3520,466048,310362112,53560144,1,0,0,4.7
2026-06-06T18:56:15.5885300Z,20260606T183826Z,custom,1170.6,19,2.9,6,1,3.5,4.2,0,3682,466426,310362112,69614080,1,0,0,4.6
2026-06-06T18:56:20.5898890Z,20260606T183826Z,custom,1175.6,19,2.9,6,1,3.5,4.2,0,3591,467090,311525376,78725048,2,1,1,4.6
2026-06-06T18:56:25.5927860Z,20260606T183826Z,custom,1180.6,19,2.9,6,1,3.5,4.2,0,3322,465167,310312960,91130072,1,1,0,4.5
2026-06-06T18:56:30.5943820Z,20260606T183826Z,custom,1185.61,19,2.9,6,1,3.5,4.2,0,3588,467028,308969472,24757312,2,0,0,4.6
2026-06-06T18:56:35.5962680Z,20260606T183826Z,custom,1190.61,19,2.9,6,1,3.5,4.2,0,3652,466122,308609024,41258488,1,0,0,4.5
2026-06-06T18:56:40.5991790Z,20260606T183826Z,custom,1195.61,19,2.9,6,1,3.5,4.2,0,3329,465892,308412416,57184152,1,0,0,4.5
2026-06-06T18:56:45.6051860Z,20260606T183826Z,custom,1200.62,19,19.3,32,3,4.3,5.2,0,3811,466530,308199424,72533936,1,0,0,4.2
2026-06-06T18:56:50.6078980Z,20260606T183826Z,custom,1205.62,19,19.3,32,3,4.3,5.2,0,3587,467328,307953664,88424472,1,0,0,4.6
2026-06-06T18:56:55.6108680Z,20260606T183826Z,custom,1210.62,19,19.3,32,3,4.3,5.2,0,3263,466098,307691520,21558800,2,0,0,4.6
2026-06-06T18:57:00.6137150Z,20260606T183826Z,custom,1215.63,19,19.3,32,3,4.3,5.2,0,3588,466057,307625984,37663320,1,0,0,4.6
2026-06-06T18:57:05.6165790Z,20260606T183826Z,custom,1220.63,19,19.3,32,3,4.3,5.2,0,3528,466063,307576832,53933320,1,0,0,4.5
2026-06-06T18:57:10.6190910Z,20260606T183826Z,custom,1225.63,19,19.3,32,3,4.3,5.2,0,3133,465996,307560448,69548832,1,0,0,4.5
2026-06-06T18:57:15.6238080Z,20260606T183826Z,custom,1230.64,19,11.4,13,2,4.6,6.2,0,3946,466881,307544064,85822432,1,0,0,4.6
2026-06-06T18:57:20.6260600Z,20260606T183826Z,custom,1235.64,19,11.4,13,2,4.6,6.2,0,3464,466742,307511296,18858096,2,0,0,4.6
2026-06-06T18:57:25.6288640Z,20260606T183826Z,custom,1240.64,19,11.4,13,2,4.6,6.2,0,3263,465819,307511296,34691448,1,0,0,4.5
2026-06-06T18:57:30.6314450Z,20260606T183826Z,custom,1245.64,19,11.4,13,2,4.6,6.2,0,3527,465925,307625984,51300744,1,0,0,4.6
2026-06-06T18:57:35.6343480Z,20260606T183826Z,custom,1250.65,17,11.4,13,2,4.6,6.2,0,8192,451320,307707904,63051064,1,0,0,4
2026-06-06T18:57:40.6378470Z,20260606T183826Z,custom,1255.65,14,11.4,13,2,4.5,6.2,0,8671,368594,307691520,44644480,1,0,0,3.1
2026-06-06T18:57:45.6391930Z,20260606T183826Z,custom,1260.65,13,11.5,13,11,4.3,5.8,0,4187,320584,307658752,93070544,0,0,0,2.4
2026-06-06T18:57:50.6418870Z,20260606T183826Z,custom,1265.65,13,11.5,13,11,4.3,5.8,0,11242,339351,307707904,65037616,1,0,0,2.7
2026-06-06T18:57:55.6438900Z,20260606T183826Z,custom,1270.66,13,11.5,13,11,4.3,5.8,0,2683,367967,307675136,45387440,1,0,0,3.1
2026-06-06T18:58:00.6458070Z,20260606T183826Z,custom,1275.66,13,11.5,13,11,4.3,5.8,0,2681,367849,307658752,25744352,1,0,0,3
2026-06-06T18:58:05.6480010Z,20260606T183826Z,custom,1280.66,13,11.5,13,11,4.3,5.8,0,2798,367574,307658752,88326464,0,0,0,2.7
2026-06-06T18:58:10.6538070Z,20260606T183826Z,custom,1285.67,13,11.5,13,11,4.3,5.8,0,2815,368069,307658752,68647640,1,0,0,2.9
2026-06-06T18:58:15.6659330Z,20260606T183826Z,custom,1290.68,15,8.9,10,8,3.7,5.6,0,3022,368389,307675136,48791008,1,0,0,2.9
2026-06-06T18:58:20.6748790Z,20260606T183826Z,custom,1295.69,15,8.9,10,8,3.7,5.6,0,2797,368309,307707904,29127536,1,0,0,2.9
2026-06-06T18:58:25.6818520Z,20260606T183826Z,custom,1300.69,15,8.9,10,8,3.7,5.6,0,2551,368347,307707904,91824528,0,0,0,2.8
2026-06-06T18:58:30.6872720Z,20260606T183826Z,custom,1305.7,15,8.9,10,8,3.7,5.6,0,2676,367849,307707904,71464712,1,0,0,2.9
2026-06-06T18:58:35.6919920Z,20260606T183826Z,custom,1310.7,15,8.9,10,8,3.7,5.6,0,2796,367820,307658752,50717312,1,0,0,2.8
2026-06-06T18:58:40.6950730Z,20260606T183826Z,custom,1315.71,14,8.9,10,8,3.6,4.7,0,4544,367201,307691520,30704216,1,0,0,2.9
2026-06-06T18:58:45.6983270Z,20260606T183826Z,custom,1320.71,11,7.3,10,6,3.9,4.5,0,7386,297211,307740672,73515792,0,0,0,2.1
2026-06-06T18:58:50.7007880Z,20260606T183826Z,custom,1325.71,6,6.7,8,6,3.9,4.5,0,6589,202584,307806208,95622592,0,0,0,1.4
2026-06-06T18:58:55.7044820Z,20260606T183826Z,custom,1330.72,6,6.7,8,6,3.9,4.5,0,10466,198082,308035584,35087376,1,0,0,1.7
2026-06-06T18:59:00.7084290Z,20260606T183826Z,custom,1335.72,5,6.4,8,6,4.1,4.5,0,2677,208665,308035584,57227384,0,0,0,1.4
2026-06-06T18:59:05.7106330Z,20260606T183826Z,custom,1340.72,5,6.4,8,6,4.1,4.5,0,28911,311128,308690944,25050840,1,0,0,2.7
2026-06-06T18:59:10.7132600Z,20260606T183826Z,custom,1345.72,4,6,6,6,4.2,4.5,0,11855,318848,310214656,75902608,0,0,0,2.6
2026-06-06T18:59:15.7155380Z,20260606T183826Z,custom,1350.73,10,5.5,6,5,1.8,4.3,0,13401,201779,310378496,98637176,0,0,0,1.5
2026-06-06T18:59:20.7192040Z,20260606T183826Z,custom,1355.73,10,5.5,6,5,1.8,4.3,0,13123,255503,310411264,49843416,1,0,0,1.9
2026-06-06T18:59:25.7211420Z,20260606T183826Z,custom,1360.73,10,5.5,6,5,1.8,4.3,0,11372,320123,310460416,99220472,0,0,0,2.2
2026-06-06T18:59:30.7232990Z,20260606T183826Z,custom,1365.73,10,5.5,6,5,1.8,4.3,0,7176,392254,310427648,87568616,1,0,0,3.2
2026-06-06T18:59:35.7274390Z,20260606T183826Z,custom,1370.74,9,5.4,6,5,1.6,4.3,0,26314,444532,309542912,97783704,1,0,0,3.6
2026-06-06T18:59:40.7305070Z,20260606T183826Z,custom,1375.74,8,5.5,6,5,1.2,4.3,0,7411,396642,309493760,96327064,1,0,0,4
2026-06-06T18:59:45.7331310Z,20260606T183826Z,custom,1380.74,13,3.9,8,2,0.9,4.2,0,9435,386575,309575680,83584160,1,0,0,3.9
2026-06-06T18:59:50.7354250Z,20260606T183826Z,custom,1385.75,10,3.8,8,2,1,4.2,0,6858,314053,309657600,48884152,1,0,0,3.1
2026-06-06T18:59:55.7374150Z,20260606T183826Z,custom,1390.75,7,3.9,8,2,1.3,4.2,0,6006,241362,309624832,78167856,0,0,0,2.1
2026-06-06T19:00:00.7389000Z,20260606T183826Z,custom,1395.75,7,3.9,8,2,1.5,4.2,0,2339,179295,309641216,94715136,0,0,0,1.7
2026-06-06T19:00:05.7415260Z,20260606T183826Z,custom,1400.75,5,4.2,8,3,1.8,4.2,0,2324,153160,309673984,24338584,1,0,0,1.6
2026-06-06T19:00:10.7431350Z,20260606T183826Z,custom,1405.75,3,5,8,3,2.7,4.2,0,1643,97792,309542912,30493808,0,0,0,1
2026-06-06T19:00:15.7454230Z,20260606T183826Z,custom,1410.76,2,5,8,2,2.5,4.3,0,716,56851,309542912,33035504,0,0,0,0.6
2026-06-06T19:00:20.7487830Z,20260606T183826Z,custom,1415.76,1,2,2,2,4.3,4.3,0,223,29594,309542912,34129528,0,0,0,0.2
2026-06-06T19:00:25.7505290Z,20260606T183826Z,custom,1420.76,1,2,2,2,4.3,4.3,0,128,24444,309493760,34779344,0,0,0,0.2
2026-06-06T19:00:30.7533700Z,20260606T183826Z,custom,1425.76,0,0,0,0,0,0,0,21,21245,309444608,35573056,0,0,0,0.2
2026-06-06T19:00:35.7550170Z,20260606T183826Z,custom,1430.77,0,0,0,0,0,0,0,0,0,309542912,35605952,0,0,0,0
2026-06-06T19:09:44.9082490Z,20260606T190939Z,custom,5.05,0,0,0,0,0,0,0,0,0,205078528,23876232,0,0,0,2.2
2026-06-06T19:09:49.9201810Z,20260606T190939Z,custom,10.06,0,0,0,0,0,0,0,0,0,205504512,24022216,0,0,0,0.5
2026-06-06T19:11:05.9442380Z,20260606T191100Z,custom,5.04,0,0,0,0,0,0,0,0,0,205570048,24029192,0,0,0,2.3
2026-06-06T19:11:10.9525900Z,20260606T191100Z,custom,10.05,0,0,0,0,0,0,0,0,0,205815808,24053864,0,0,0,0.1
2026-06-06T19:11:15.9553310Z,20260606T191100Z,custom,15.06,0,0,0,0,0,0,0,0,0,205930496,24077512,0,0,0,0.2
2026-06-06T19:11:20.9585070Z,20260606T191100Z,custom,20.06,0,0,0,0,0,0,0,0,0,206159872,24102184,0,0,0,0.1
2026-06-06T19:11:25.9610410Z,20260606T191100Z,custom,25.06,0,0,0,0,0,0,0,0,0,206274560,24135096,0,0,0,0.2
2026-06-06T19:11:30.9635580Z,20260606T191100Z,custom,30.06,0,0,0,0,0,0,0,0,0,206553088,24176136,0,0,0,0.2
2026-06-06T19:11:35.9655910Z,20260606T191100Z,custom,35.07,0,0,0,0,0,0,0,0,0,206864384,24209032,0,0,0,0.3
2026-06-06T19:11:40.9688130Z,20260606T191100Z,custom,40.07,0,0,0,0,0,0,0,0,0,206913536,24225480,0,0,0,0.1
2026-06-06T19:11:45.9704440Z,20260606T191100Z,custom,45.07,0,0,0,0,0,0,0,1727,19904,221528064,29747632,0,0,0,3.1
2026-06-06T19:11:50.9750250Z,20260606T191100Z,custom,50.08,0,0,0,0,0,0,0,1925,33568,224706560,31533536,0,0,0,1.5
2026-06-06T19:11:55.9779680Z,20260606T191100Z,custom,55.08,0,0,0,0,0,0,0,2386,62554,229457920,34795016,0,0,0,1.4
2026-06-06T19:12:00.9803880Z,20260606T191100Z,custom,60.08,4,17.5,19,17,1.1,1.2,0,2787,84384,235388928,39876280,0,0,0,1.3
2026-06-06T19:12:05.9903770Z,20260606T191100Z,custom,65.09,4,17.5,19,17,1.1,1.2,0,521,97957,241254400,45395208,0,0,0,1
2026-06-06T19:12:10.9939420Z,20260606T191100Z,custom,70.09,4,17.5,19,17,1.1,1.2,0,3174,106741,248709120,52413512,0,0,0,1.1
2026-06-06T19:12:15.9971520Z,20260606T191100Z,custom,75.1,4,17.5,19,17,1.1,1.2,0,777,122503,257015808,60577816,0,0,0,0.8
2026-06-06T19:12:20.9997160Z,20260606T191100Z,custom,80.1,4,17.5,19,17,1.1,1.2,0,718,122515,265191424,68758600,0,0,0,0.9
2026-06-06T19:12:26.0015300Z,20260606T191100Z,custom,85.1,4,17.5,19,17,1.1,1.2,0,844,122800,274513920,76979928,0,0,0,1.1
2026-06-06T19:12:31.0037920Z,20260606T191100Z,custom,90.1,6,13.2,14,13,1.1,1.5,0,3809,138996,284360704,19366984,1,0,0,1.3
2026-06-06T19:12:36.0071770Z,20260606T191100Z,custom,95.11,6,13.2,14,13,1.1,1.5,0,3770,164973,285884416,33929256,0,0,0,1.3
2026-06-06T19:12:41.0153150Z,20260606T191100Z,custom,100.12,6,13.2,14,13,1.1,1.5,0,7738,193212,286654464,53582384,0,0,0,1.7
2026-06-06T19:12:46.0174960Z,20260606T191100Z,custom,105.12,6,13.2,14,13,1.1,1.5,0,5076,227149,297762816,79318352,0,0,0,2
2026-06-06T19:12:51.0193280Z,20260606T191100Z,custom,110.12,6,13.2,14,13,1.1,1.5,0,1436,243549,315588608,108069616,0,0,0,1.9
2026-06-06T19:12:56.0206670Z,20260606T191100Z,custom,115.12,6,13.2,14,13,1.1,1.5,0,5791,266042,348241920,142338344,0,0,0,2.1
2026-06-06T19:13:01.0228160Z,20260606T191100Z,custom,120.12,12,12.1,13,12,0.9,1.5,0,7854,291979,374947840,183538936,0,0,0,2.5
2026-06-06T19:13:06.0246840Z,20260606T191100Z,custom,125.12,12,12.1,13,12,0.9,1.5,0,8628,323598,417529856,233174096,0,0,0,2.5
2026-06-06T19:13:11.0272790Z,20260606T191100Z,custom,130.13,12,12.1,13,12,0.9,1.5,0,7243,357047,423165952,292501272,0,0,0,3.1
2026-06-06T19:13:16.0322230Z,20260606T191100Z,custom,135.13,12,12.1,13,12,0.9,1.5,0,7634,383232,484605952,77699440,1,1,0,3.5
2026-06-06T19:13:21.0347400Z,20260606T191100Z,custom,140.13,12,12.1,13,12,0.9,1.5,0,12628,415257,408698880,157488112,0,0,0,3.4
2026-06-06T19:13:26.0373830Z,20260606T191100Z,custom,145.14,12,12.1,13,12,0.9,1.5,0,8693,446053,408207360,64765272,1,0,0,4.1
2026-06-06T19:13:31.0394950Z,20260606T191100Z,custom,150.14,21,15.8,17,10,1.1,1.6,0,15255,482327,409059328,87725128,1,0,0,4.1
2026-06-06T19:13:36.1003840Z,20260606T191100Z,custom,155.2,21,53.2,800,10,3.4,49.9,0,3514,503687,409747456,38918216,2,0,0,3.8
2026-06-06T19:13:41.1164300Z,20260606T191100Z,custom,160.22,21,53.2,800,10,3.4,49.9,0,3904,385599,410009600,46162328,1,0,0,1.4
2026-06-06T19:13:46.1172890Z,20260606T191100Z,custom,165.22,21,53.2,800,10,3.4,49.9,0,9869,638105,410091520,30689152,2,0,0,2.1
2026-06-06T19:13:51.1192960Z,20260606T191100Z,custom,170.22,21,53.2,800,10,3.4,49.9,0,6658,532356,410697728,75004560,1,0,0,4.3
2026-06-06T19:13:56.1209390Z,20260606T191100Z,custom,175.22,21,53.2,800,10,3.4,49.9,0,3787,515049,408485888,28677544,2,0,0,4.5
2026-06-06T19:14:01.1223490Z,20260606T191100Z,custom,180.22,21,12.5,29,5,5.8,96.1,0,4357,515407,375799808,65660120,1,0,0,4.6
2026-06-06T19:14:06.1241190Z,20260606T191100Z,custom,185.22,21,12.5,29,5,5.8,96.1,0,3712,514993,328679424,19847720,2,0,0,4.4
2026-06-06T19:14:11.1251280Z,20260606T191100Z,custom,190.23,21,12.5,29,5,5.8,96.1,0,3644,514958,315572224,57018840,1,0,0,4.4
2026-06-06T19:14:16.1275370Z,20260606T191100Z,custom,195.23,21,12.5,29,5,5.8,96.1,0,4024,515326,306888704,93638376,1,0,0,4.4
2026-06-06T19:14:21.1301510Z,20260606T191100Z,custom,200.23,21,12.5,29,5,5.8,96.1,0,3712,515252,298450944,47747664,2,0,0,4.5
2026-06-06T19:14:26.1319110Z,20260606T191100Z,custom,205.23,21,12.5,29,5,5.8,96.1,0,3651,515447,296206336,84378048,1,0,0,4.4
2026-06-06T19:14:31.1337310Z,20260606T191100Z,custom,210.23,21,8.8,9,4,5.7,90.3,0,4494,516008,293584896,38863576,2,0,0,4.5
2026-06-06T19:14:36.1355100Z,20260606T191100Z,custom,215.24,21,8.8,9,4,5.7,90.3,0,3645,515937,292225024,76051016,1,0,0,4.4
2026-06-06T19:14:41.1375290Z,20260606T191100Z,custom,220.24,21,8.8,9,4,5.7,90.3,0,3650,514925,290766848,29906112,2,0,0,4.6
2026-06-06T19:14:46.1391590Z,20260606T191100Z,custom,225.24,21,8.8,9,4,5.7,90.3,0,4290,515245,290439168,67029288,1,0,0,4.4
2026-06-06T19:14:51.1408130Z,20260606T191100Z,custom,230.24,21,8.8,9,4,5.7,90.3,0,3584,514906,290013184,21013528,2,0,0,4.6
2026-06-06T19:14:56.1460080Z,20260606T191100Z,custom,235.25,21,8.8,9,4,5.7,90.3,0,3581,514905,289931264,58513496,1,0,0,4.4
2026-06-06T19:15:01.1478490Z,20260606T191100Z,custom,240.25,21,7.3,9,4,5.5,84.7,0,4827,516241,289849344,96384016,1,0,0,4.5
2026-06-06T19:15:06.1494630Z,20260606T191100Z,custom,245.25,21,7.3,9,4,5.5,84.7,0,3717,515011,289800192,50288952,2,0,0,4.5
2026-06-06T19:15:11.1503800Z,20260606T191100Z,custom,250.25,21,7.3,9,4,5.5,84.7,0,3326,514913,289865728,86967656,1,0,0,4.4
2026-06-06T19:15:16.1521010Z,20260606T191100Z,custom,255.25,21,7.3,9,4,5.5,84.7,0,4164,515162,289800192,40530872,2,0,0,4.5
2026-06-06T19:15:21.1536840Z,20260606T191100Z,custom,260.25,21,7.3,9,4,5.5,84.7,0,3587,514911,292929536,78414232,1,0,0,4.5
2026-06-06T19:15:26.1554040Z,20260606T191100Z,custom,265.26,21,7.3,9,4,5.5,84.7,0,9285,518742,292880384,36845656,2,0,0,4.1
2026-06-06T19:15:31.1833010Z,20260606T191100Z,custom,270.28,22,116.6,174,75,11.7,89.8,0,4718,520798,292864000,80126144,1,0,0,3.3
2026-06-06T19:15:36.4247840Z,20260606T191100Z,custom,275.52,22,116.6,174,75,11.7,89.8,0,3911,318748,292896768,75063264,1,0,0,1
2026-06-06T19:15:41.4506020Z,20260606T191100Z,custom,280.55,22,116.6,174,75,11.7,89.8,0,10014,799201,292962304,25004472,3,0,0,3.4
2026-06-06T19:15:46.4529880Z,20260606T191100Z,custom,285.55,22,116.6,174,75,11.7,89.8,0,4297,564800,292978688,85444824,1,0,0,4.2
2026-06-06T19:15:51.4534720Z,20260606T191100Z,custom,290.55,22,116.6,174,75,11.7,89.8,0,3589,549114,292978688,59410128,2,0,0,4.3
2026-06-06T19:15:56.4554040Z,20260606T191100Z,custom,295.56,22,116.6,174,75,11.7,89.8,0,4424,564154,272072704,37019800,2,0,0,4.8
2026-06-06T19:16:01.4569630Z,20260606T191100Z,custom,300.56,23,7.9,18,1,17,94.6,0,4733,564312,274710528,97078504,1,0,0,5.4
2026-06-06T19:16:06.4627920Z,20260606T191100Z,custom,305.56,23,7.9,18,1,17,94.6,0,4180,564665,275103744,74409480,2,0,0,5.4
2026-06-06T19:16:11.4648160Z,20260606T191100Z,custom,310.57,22,8,18,1,17.2,94.6,0,7235,559668,278118400,50111064,2,0,0,5.1
2026-06-06T19:16:16.4660800Z,20260606T191100Z,custom,315.57,21,7.5,18,1,17.4,94.6,0,7178,524376,278200320,91481864,1,0,0,5.1
2026-06-06T19:16:21.4679400Z,20260606T191100Z,custom,320.57,21,7.5,18,1,17.4,94.6,0,3715,514996,278118400,45344160,2,0,0,5.3
2026-06-06T19:16:26.4701180Z,20260606T191100Z,custom,325.57,21,7.5,18,1,17.4,94.6,0,3969,515308,278118400,82194192,1,0,0,5.2
2026-06-06T19:16:31.4723540Z,20260606T191100Z,custom,330.57,21,10.1,15,1,16.6,89.1,0,4376,515784,278183936,36224760,2,0,0,5.3
2026-06-06T19:16:36.4740510Z,20260606T191100Z,custom,335.57,21,10.1,15,1,16.6,89.1,0,3586,514893,278249472,73362592,1,0,0,5.2
2026-06-06T19:16:41.4754480Z,20260606T191100Z,custom,340.58,21,10.1,15,1,16.6,89.1,0,3834,515231,278233088,27185352,2,0,0,5.4
2026-06-06T19:16:46.4793230Z,20260606T191100Z,custom,345.58,21,10.1,15,1,16.6,89.1,0,3978,515129,278249472,64240688,1,0,0,5.3
2026-06-06T19:16:51.4817900Z,20260606T191100Z,custom,350.58,21,10.1,15,1,16.6,89.1,0,3785,514074,278249472,18293568,2,0,0,5.4
2026-06-06T19:16:56.4835510Z,20260606T191100Z,custom,355.58,21,10.1,15,1,16.6,89.1,0,4038,517104,278347776,56188104,1,0,0,5.5
2026-06-06T19:17:01.4842400Z,20260606T191100Z,custom,360.58,21,9.6,15,1,15.7,83.6,0,4180,515625,278413312,92775056,1,0,0,5.4
2026-06-06T19:17:06.4862130Z,20260606T191100Z,custom,365.59,21,9.6,15,1,15.7,83.6,0,3718,515263,278495232,46586472,2,0,0,5.6
2026-06-06T19:17:11.4879880Z,20260606T191100Z,custom,370.59,21,9.6,15,1,15.7,83.6,0,4034,515137,278495232,83648928,1,0,0,5.3
2026-06-06T19:17:16.4888790Z,20260606T191100Z,custom,375.59,21,9.6,15,1,15.7,83.6,0,4040,515456,278495232,37563312,2,0,0,5.3
2026-06-06T19:17:21.4904990Z,20260606T191100Z,custom,380.59,21,9.6,15,1,15.7,83.6,0,3589,514652,278528000,74321616,1,0,0,5.3
2026-06-06T19:17:26.4971350Z,20260606T191100Z,custom,385.6,21,9.6,15,1,15.7,83.6,0,4036,514910,278528000,28117720,2,0,0,4.3
2026-06-06T19:17:31.4979430Z,20260606T191100Z,custom,390.6,21,12.8,14,7,15,79.1,0,4363,515474,278790144,64992864,1,0,0,4
2026-06-06T19:17:36.4992680Z,20260606T191100Z,custom,395.6,21,12.8,14,7,15,79.1,0,3592,515692,278757376,19873224,2,0,0,4.1
2026-06-06T19:17:41.5009480Z,20260606T191100Z,custom,400.6,21,12.8,14,7,15,79.1,0,3838,515220,278757376,57252504,1,0,0,3.9
2026-06-06T19:17:46.5028570Z,20260606T191100Z,custom,405.6,21,12.8,14,7,15,79.1,0,3906,515534,278757376,94736760,1,0,0,4
2026-06-06T19:17:51.5044610Z,20260606T191100Z,custom,410.6,21,12.8,14,7,15,79.1,0,3329,514764,278839296,49053200,2,0,0,4
2026-06-06T19:17:56.5062380Z,20260606T191100Z,custom,415.61,21,12.8,14,7,15,79.1,0,4237,515308,278822912,85710336,1,0,0,4
2026-06-06T19:18:01.5073810Z,20260606T191100Z,custom,420.61,21,12.2,13,6,14.1,74.2,0,4503,515586,278822912,40088120,2,0,0,4.2
2026-06-06T19:18:06.5081110Z,20260606T191100Z,custom,425.61,21,12.2,13,6,14.1,74.2,0,3453,515069,278855680,77396336,1,0,0,4.1
2026-06-06T19:18:11.5134180Z,20260606T191100Z,custom,430.61,21,12.2,13,6,14.1,74.2,0,4102,515441,278822912,30483808,2,0,0,4.1
2026-06-06T19:18:16.5150550Z,20260606T191100Z,custom,435.62,21,12.2,13,6,14.1,74.2,0,4108,515179,278888448,68292968,1,0,0,3.9
2026-06-06T19:18:21.5166470Z,20260606T191100Z,custom,440.62,21,12.2,13,6,14.1,74.2,0,3397,515552,278921216,23015528,2,0,0,4.2
2026-06-06T19:18:26.5183610Z,20260606T191100Z,custom,445.62,21,12.2,13,6,14.1,74.2,0,4035,515150,278986752,59453024,1,0,0,4.2
2026-06-06T19:18:31.5200520Z,20260606T191100Z,custom,450.62,21,10.6,11,7,13.3,69.7,0,4506,515831,279035904,96467192,1,0,0,4.3
2026-06-06T19:18:36.5215390Z,20260606T191100Z,custom,455.62,21,10.6,11,7,13.3,69.7,0,3323,514752,279019520,51133456,2,0,0,4.1
2026-06-06T19:18:41.5232240Z,20260606T191100Z,custom,460.62,21,10.6,11,7,13.3,69.7,0,3776,515176,279019520,88029816,1,0,0,4
2026-06-06T19:18:46.5256670Z,20260606T191100Z,custom,465.63,21,10.6,11,7,13.3,69.7,0,4167,515224,279019520,42258584,2,0,0,3.9
2026-06-06T19:18:51.5280300Z,20260606T191100Z,custom,470.63,21,10.6,11,7,13.3,69.7,0,3524,515161,279019520,79768656,1,0,0,4.1
2026-06-06T19:18:56.5307150Z,20260606T191100Z,custom,475.63,21,10.6,11,7,13.3,69.7,0,3906,515279,279019520,34169848,2,0,0,4
2026-06-06T19:19:01.5327540Z,20260606T191100Z,custom,480.63,21,9,9,9,12.6,65.5,0,4570,516117,278986752,71245312,1,0,0,4.1
2026-06-06T19:19:06.5334820Z,20260606T191100Z,custom,485.63,21,9,9,9,12.6,65.5,0,3457,514838,279085056,24985536,2,0,0,3.9
2026-06-06T19:19:11.5350890Z,20260606T191100Z,custom,490.64,21,9,9,9,12.6,65.5,0,3706,515616,279052288,62491120,1,0,0,4
2026-06-06T19:19:16.5367330Z,20260606T191100Z,custom,495.64,21,9,9,9,12.6,65.5,0,4234,515309,279052288,99060776,1,0,0,3.9
2026-06-06T19:19:21.5374010Z,20260606T191100Z,custom,500.64,21,9,9,9,12.6,65.5,0,3589,514920,279003136,52908152,2,0,0,4
2026-06-06T19:19:26.5390480Z,20260606T191100Z,custom,505.64,21,9,9,9,12.6,65.5,0,3774,514923,279019520,90198752,1,0,0,3.8
2026-06-06T19:19:31.5409410Z,20260606T191100Z,custom,510.64,21,8.2,9,8,11.9,61.4,0,4511,515638,279019520,44255544,2,0,0,4.1
2026-06-06T19:19:36.5426610Z,20260606T191100Z,custom,515.64,21,8.2,9,8,11.9,61.4,0,3712,515012,279019520,81742664,1,0,0,3.9
2026-06-06T19:19:41.5442830Z,20260606T191100Z,custom,520.64,21,8.2,9,8,11.9,61.4,0,3711,515134,279019520,35565960,2,0,0,3.9
2026-06-06T19:19:46.5480450Z,20260606T191100Z,custom,525.65,21,8.2,9,8,11.9,61.4,0,3782,515233,279035904,72323960,1,0,0,4.1
2026-06-06T19:19:51.5492950Z,20260606T191100Z,custom,530.65,21,8.2,9,8,11.9,61.4,0,3784,515316,279085056,26947784,2,0,0,4.1
2026-06-06T19:19:56.5509470Z,20260606T191100Z,custom,535.65,21,8.2,9,8,11.9,61.4,0,3908,515292,279085056,63924904,1,0,0,3.8
2026-06-06T19:20:01.5532440Z,20260606T191100Z,custom,540.65,21,5,5,5,11.3,57.8,0,4312,516695,279298048,101119304,1,0,0,4
2026-06-06T19:20:06.5548380Z,20260606T191100Z,custom,545.66,21,5,5,5,11.3,57.8,0,3712,515011,279298048,55740696,2,0,0,4
2026-06-06T19:20:11.5564870Z,20260606T191100Z,custom,550.66,21,5,5,5,11.3,57.8,0,3905,515044,279298048,93009824,1,0,0,4.1
2026-06-06T19:20:16.5580930Z,20260606T191100Z,custom,555.66,21,5,5,5,11.3,57.8,0,3781,514980,279363584,47453064,2,0,0,4
2026-06-06T19:20:21.5596990Z,20260606T191100Z,custom,560.66,21,5,5,5,11.3,57.8,0,3849,515086,279330816,84162480,1,0,0,4.1
2026-06-06T19:20:26.5631860Z,20260606T191100Z,custom,565.66,21,5,5,5,11.3,57.8,0,4036,515378,279330816,37906456,2,0,0,4
2026-06-06T19:20:31.5651340Z,20260606T191100Z,custom,570.67,20,16.9,19,2,11.4,55,0,4113,516045,282705920,75411656,1,0,0,3.9
2026-06-06T19:20:36.5666300Z,20260606T191100Z,custom,575.67,20,16.9,19,2,11.4,55,0,3649,514947,282804224,29287608,2,0,0,4.1
2026-06-06T19:20:41.5683480Z,20260606T191100Z,custom,580.67,20,16.9,19,2,11.4,55,0,3970,515081,282886144,66420984,1,0,0,4.1
2026-06-06T19:20:46.5698910Z,20260606T191100Z,custom,585.67,20,16.9,19,2,11.4,55,0,3781,515006,282918912,103179128,1,0,0,4.1
2026-06-06T19:20:51.5742420Z,20260606T191100Z,custom,590.67,20,16.9,19,2,11.4,55,0,3712,514991,282918912,56789160,2,0,0,4
2026-06-06T19:20:56.5791790Z,20260606T191100Z,custom,595.68,20,16.9,19,2,11.4,55,0,3840,514993,282869760,93799648,1,0,0,4.1
2026-06-06T19:21:01.5835270Z,20260606T191100Z,custom,600.68,21,13.6,16,1,10.9,51.7,0,4237,515671,282886144,48005400,2,0,0,4.1
2026-06-06T19:21:06.5869990Z,20260606T191100Z,custom,605.69,21,13.6,16,1,10.9,51.7,0,3977,515212,282869760,84707776,1,0,0,4.1
2026-06-06T19:21:11.5936200Z,20260606T191100Z,custom,610.69,21,13.6,16,1,10.9,51.7,0,3840,515967,282869760,38641568,2,0,0,4
2026-06-06T19:21:16.5960510Z,20260606T191100Z,custom,615.7,21,13.6,16,1,10.9,51.7,0,3774,515240,282869760,76111048,1,0,0,4.1
2026-06-06T19:21:21.5989200Z,20260606T191100Z,custom,620.7,21,13.6,16,1,10.9,51.7,0,3916,516131,282886144,30212224,2,0,0,4.1
2026-06-06T19:21:26.6002800Z,20260606T191100Z,custom,625.7,21,13.6,16,1,10.9,51.7,0,3841,514995,282886144,67313440,1,0,0,4.1
2026-06-06T19:21:31.6019050Z,20260606T191100Z,custom,630.7,21,12.2,15,6,10.3,48.6,0,4113,515314,282968064,22074280,2,0,0,4.3
2026-06-06T19:21:36.6037130Z,20260606T191100Z,custom,635.7,21,12.2,15,6,10.3,48.6,0,3910,515171,282935296,58401000,1,0,0,4.1
2026-06-06T19:21:41.6054790Z,20260606T191100Z,custom,640.71,21,12.2,15,6,10.3,48.6,0,3773,514945,282951680,95426568,1,0,0,4
2026-06-06T19:21:46.6105140Z,20260606T191100Z,custom,645.71,21,12.2,15,6,10.3,48.6,0,3843,515283,282951680,49224168,2,0,0,4.2
2026-06-06T19:21:51.6123440Z,20260606T191100Z,custom,650.71,21,12.2,15,6,10.3,48.6,0,3913,515643,282918912,85454672,1,0,0,4.2
2026-06-06T19:21:56.6140840Z,20260606T191100Z,custom,655.71,21,12.2,15,6,10.3,48.6,0,3837,514746,282918912,39930728,2,0,0,4.3
2026-06-06T19:22:01.6157640Z,20260606T191100Z,custom,660.72,21,12.7,13,7,9.8,45.6,0,4308,516461,282935296,77230528,1,0,0,4.3
2026-06-06T19:22:06.6163710Z,20260606T191100Z,custom,665.72,21,12.7,13,7,9.8,45.6,0,3588,514910,282935296,32136712,2,0,0,4.3
2026-06-06T19:22:11.6180700Z,20260606T191100Z,custom,670.72,21,12.7,13,7,9.8,45.6,0,3773,514940,282951680,69274416,1,0,0,4.2
2026-06-06T19:22:16.6197930Z,20260606T191100Z,custom,675.72,21,12.7,13,7,9.8,45.6,0,4103,515246,282984448,23714680,2,0,0,4.3
2026-06-06T19:22:21.6218210Z,20260606T191100Z,custom,680.72,21,12.7,13,7,9.8,45.6,0,3779,515033,283000832,60907896,1,0,0,4.1
2026-06-06T19:22:26.6268080Z,20260606T191100Z,custom,685.73,21,12.7,13,7,9.8,45.6,0,3777,515192,283000832,97291480,1,0,0,4.2
2026-06-06T19:22:31.6285980Z,20260606T191100Z,custom,690.73,21,10.8,11,6,9.3,42.9,0,4246,515681,282968064,51166416,2,0,0,4.2
2026-06-06T19:22:36.6312480Z,20260606T191100Z,custom,695.73,21,10.8,11,6,9.3,42.9,0,3848,515607,282951680,87623968,1,0,0,4.5
2026-06-06T19:22:41.6344160Z,20260606T191100Z,custom,700.73,21,10.8,11,6,9.3,42.9,0,3909,515030,282951680,42250376,2,0,0,4.2
2026-06-06T19:22:46.6368330Z,20260606T191100Z,custom,705.74,21,10.8,11,6,9.3,42.9,0,3775,514998,282968064,78574056,1,0,0,4.2
2026-06-06T19:22:51.6400420Z,20260606T191100Z,custom,710.74,21,10.8,11,6,9.3,42.9,0,3847,515343,282968064,33699160,2,0,0,4.4
2026-06-06T19:22:56.6441590Z,20260606T191100Z,custom,715.74,21,10.8,11,6,9.3,42.9,0,3910,515294,283066368,70713056,1,0,0,4
2026-06-06T19:23:01.6448180Z,20260606T191100Z,custom,720.75,21,6.1,8,1,9,40.4,0,4308,504016,282984448,23175136,2,0,0,4.6
2026-06-06T19:23:06.6486350Z,20260606T191100Z,custom,725.75,21,6.1,8,1,9,40.4,0,3981,515470,282984448,60716368,1,0,0,5
2026-06-06T19:23:11.6504840Z,20260606T191100Z,custom,730.75,20,6.2,8,1,9,40.4,0,6385,512963,284131328,97287688,1,0,0,4.8
2026-06-06T19:23:16.6527490Z,20260606T191100Z,custom,735.75,13,7.4,8,3,7.2,9.9,0,18572,407094,288178176,94187984,1,0,0,3.4
2026-06-06T19:23:21.6547520Z,20260606T191100Z,custom,740.75,12,7.8,8,6,7.2,9.9,0,16796,327596,290521088,65026328,1,0,0,2.5
2026-06-06T19:23:26.6616810Z,20260606T191100Z,custom,745.76,12,7.8,8,6,7.2,9.9,0,28921,438152,292454400,71890896,1,0,0,4
2026-06-06T19:23:31.6634870Z,20260606T191100Z,custom,750.76,21,6.8,23,6,4.1,9.4,0,9555,516852,258605056,26220864,2,0,0,4.4
2026-06-06T19:23:36.6654670Z,20260606T191100Z,custom,755.77,16,7.1,23,6,4.4,9.4,0,15668,463267,258965504,43596688,1,0,0,3.9
2026-06-06T19:23:41.6677130Z,20260606T191100Z,custom,760.77,10,7.7,23,6,6.8,9.4,0,12792,310862,258998272,90689832,0,0,0,2.2
2026-06-06T19:23:46.6695970Z,20260606T191100Z,custom,765.77,9,6,6,6,6.9,9.4,0,2943,236398,258965504,35760576,1,0,0,1.6
2026-06-06T19:23:51.6708230Z,20260606T191100Z,custom,770.77,9,6,6,6,6.9,9.4,0,31781,317224,259080192,88487560,0,0,0,2.3
2026-06-06T19:23:56.6729160Z,20260606T191100Z,custom,775.77,9,6,6,6,6.9,9.4,0,30593,464130,247758848,25118600,2,0,0,3.6
2026-06-06T19:24:01.6765890Z,20260606T191100Z,custom,780.78,19,3.2,5,1,2.7,9,0,8980,491337,247676928,52867760,1,0,0,4.1
2026-06-06T19:24:06.6784790Z,20260606T191100Z,custom,785.78,15,3.5,5,2,3.4,9,0,12233,418375,247906304,51002840,1,0,0,3.8
2026-06-06T19:24:11.6804220Z,20260606T191100Z,custom,790.78,11,3.7,5,3,4.5,9,0,9233,315737,247889920,99162664,0,0,0,2.2
2026-06-06T19:24:16.6823800Z,20260606T191100Z,custom,795.78,9,3.7,5,3,3.8,7.3,0,4194,257611,247988224,49416992,1,0,0,1.8
2026-06-06T19:24:21.6838470Z,20260606T191100Z,custom,800.78,7,3.7,5,3,3.9,7.3,0,3506,181496,247955456,66686032,0,0,0,1.2
2026-06-06T19:24:26.6858500Z,20260606T191100Z,custom,805.79,6,3.7,5,3,3.3,7.1,0,2014,165782,247971840,81090880,0,0,0,1
2026-06-06T19:24:31.6875970Z,20260606T191100Z,custom,810.79,1,18,18,18,6.4,6.4,0,2551,70626,247955456,86065968,0,0,0,0.6
2026-06-06T19:24:36.6903610Z,20260606T191100Z,custom,815.79,1,18,18,18,6.4,6.4,0,7118,80365,247988224,92059872,0,0,0,0.7
2026-06-06T19:24:41.6939150Z,20260606T191100Z,custom,820.79,1,18,18,18,6.4,6.4,0,9633,165909,248086528,25264328,1,0,0,1.2
2026-06-06T19:24:46.6959660Z,20260606T191100Z,custom,825.8,1,18,18,18,6.4,6.4,0,19813,254662,248381440,59485616,0,0,0,2.1
2026-06-06T19:24:51.6980150Z,20260606T191100Z,custom,830.8,1,18,18,18,6.4,6.4,0,1819,294058,248348672,100396608,0,0,0,2.2
2026-06-06T19:24:56.6990030Z,20260606T191100Z,custom,835.8,1,18,18,18,6.4,6.4,0,4851,286880,248446976,58087280,1,0,0,2.1
2026-06-06T19:25:01.7016300Z,20260606T191100Z,custom,840.8,7,19.3,33,17,1.9,6,0,5082,195702,248414208,78269664,0,0,0,1.2
2026-06-06T19:25:06.7034050Z,20260606T191100Z,custom,845.8,7,19.3,33,17,1.9,6,0,1168,171557,248414208,93281320,0,0,0,1.1
2026-06-06T19:25:11.7063420Z,20260606T191100Z,custom,850.81,7,19.3,33,17,1.9,6,0,1365,171713,248430592,25940824,1,0,0,1.3
2026-06-06T19:25:16.7078210Z,20260606T191100Z,custom,855.81,7,19.3,33,17,1.9,6,0,1047,171563,248446976,40974424,0,0,0,1.1
2026-06-06T19:25:21.7099440Z,20260606T191100Z,custom,860.81,7,19.3,33,17,1.9,6,0,8033,196757,248528896,61553952,0,0,0,1.4
2026-06-06T19:25:26.7122740Z,20260606T191100Z,custom,865.81,7,19.3,33,17,1.9,6,0,1627,221194,248496128,85437896,0,0,0,1.4
2026-06-06T19:25:31.7143500Z,20260606T191100Z,custom,870.81,9,15.9,16,15,1.8,5.7,0,1548,220802,248561664,27348592,1,0,0,1.4
2026-06-06T19:25:36.7169690Z,20260606T191100Z,custom,875.82,9,15.9,16,15,1.8,5.7,0,1682,220618,248594432,51221336,0,0,0,1.3
2026-06-06T19:25:41.7197560Z,20260606T191100Z,custom,880.82,9,15.9,16,15,1.8,5.7,0,1760,220827,248594432,75100496,0,0,0,1.3
2026-06-06T19:25:46.7221320Z,20260606T191100Z,custom,885.82,9,15.9,16,15,1.8,5.7,0,1310,220588,248610816,98954480,0,0,0,1.3
2026-06-06T19:25:51.7234890Z,20260606T191100Z,custom,890.82,9,15.9,16,15,1.8,5.7,0,1745,220682,248627200,40661392,1,0,0,1.4
2026-06-06T19:25:56.7252550Z,20260606T191100Z,custom,895.83,9,15.9,16,15,1.8,5.7,0,1563,220898,248627200,64626560,0,0,0,1.3
2026-06-06T19:26:01.7294780Z,20260606T191100Z,custom,900.83,9,16.1,17,16,1.7,5.4,0,1546,220802,248659968,88569048,0,0,0,1.4
2026-06-06T19:26:06.7315580Z,20260606T191100Z,custom,905.83,9,16.1,17,16,1.7,5.4,0,1684,221627,248578048,30195168,1,0,0,1.4
2026-06-06T19:26:11.7332820Z,20260606T191100Z,custom,910.83,9,16.1,17,16,1.7,5.4,0,1628,220723,248578048,54005528,0,0,0,1.5
2026-06-06T19:26:16.7357630Z,20260606T191100Z,custom,915.84,9,16.1,17,16,1.7,5.4,0,1379,220397,248643584,77893704,0,0,0,1.5
2026-06-06T19:26:21.7378300Z,20260606T191100Z,custom,920.84,7,16.1,17,16,1.9,5.4,0,3766,196044,248676352,97695352,0,0,0,1.3
2026-06-06T19:26:26.7402450Z,20260606T191100Z,custom,925.84,2,16,16,16,3.2,5.4,0,3478,114738,248643584,106956872,0,0,0,0.8
2026-06-06T19:26:31.7437050Z,20260606T191100Z,custom,930.84,0,0,0,0,0,0,0,305,15205,248725504,25507800,1,0,0,0.3
2026-06-06T19:26:36.7460670Z,20260606T191100Z,custom,935.85,0,0,0,0,0,0,0,0,0,251232256,25774896,0,0,0,0.3
2026-06-06T19:26:41.7484160Z,20260606T191100Z,custom,940.85,0,0,0,0,0,0,0,0,0,251133952,25783120,0,0,0,0
2026-06-06T19:26:46.7500040Z,20260606T191100Z,custom,945.85,0,0,0,0,0,0,0,0,0,251985920,26355856,0,0,0,0.2
2026-06-06T19:26:51.7513870Z,20260606T191100Z,custom,950.85,0,0,0,0,0,0,0,0,0,251805696,26462776,0,0,0,0
2026-06-06T19:26:56.7538850Z,20260606T191100Z,custom,955.85,0,0,0,0,0,0,0,0,0,251854848,26520360,0,0,0,0.1
